scenario,id,accepted,reason_code,expected,matches_expected,raw_input,detail
"demo","D01",true,ACCEPTED,ACCEPTED,true,"{ ""kind"": ""SetSetpoint"", ""tag"": ""RateSetpoint"", ""value"": 8.5, ""rationale"": ""reduce load gradually"" }","within envelope"
"demo","D02",false,ABOVE_HIGH_LIMIT,ABOVE_HIGH_LIMIT,true,"{ ""kind"": ""SetSetpoint"", ""tag"": ""PressureSetpoint"", ""value"": 9500 }","9500 > high limit 9000"
"demo","D03",false,STEP_TOO_LARGE,STEP_TOO_LARGE,true,"{ ""kind"": ""SetSetpoint"", ""tag"": ""PressureSetpoint"", ""value"": 6000 }","step 1000 > max step 500"
"demo","D04",true,ACCEPTED,ACCEPTED,true,"{ ""kind"": ""SetSetpoint"", ""tag"": ""RateSetpoint"", ""value"": 9.0 }","within envelope"
"demo","D05",false,CUMULATIVE_LIMIT,CUMULATIVE_LIMIT,true,"{ ""kind"": ""SetSetpoint"", ""tag"": ""RateSetpoint"", ""value"": 8.7 }","cumulative change 2.2 on 'RateSetpoint' exceeds bound"
"demo","D06",false,MODE_CHANGE_WHILE_RUNNING,MODE_CHANGE_WHILE_RUNNING,true,"{ ""kind"": ""ChangeMode"", ""tag"": ""UnitMode"", ""mode"": ""Idle"" }","unit is running"
"demo","D07",false,TRIP_INHIBIT_FORBIDDEN,TRIP_INHIBIT_FORBIDDEN,true,"{ ""kind"": ""InhibitTrip"", ""tag"": ""HighPressureTrip"" }","the gate never inhibits a trip"
"demo","D08",false,TAG_NOT_WRITABLE,TAG_NOT_WRITABLE,true,"{ ""kind"": ""SetSetpoint"", ""tag"": ""ValveOpen"", ""value"": 1 }","'ValveOpen' is not a writable setpoint"
"demo","D09",false,SCHEMA_INVALID,SCHEMA_INVALID,true,"{ ""kind"": ""OpenValve"", ""tag"": ""V-101"" }","The JSON value could not be converted to EdgeGate.ActionKind. Path: $.kind | LineNumber: 0 | BytePositionInLine: 21."
"demo","D10",false,SCHEMA_INVALID,SCHEMA_INVALID,true,"{ ""kind"": ""SetSetpoint"", ""tag"": ""RateSetpoint"", ""value"": 8.2, ""force"": true }","The JSON property 'force' could not be mapped to any .NET member contained in type 'EdgeGate.ActionProposal'."
"demo","D11",false,SCHEMA_INVALID,SCHEMA_INVALID,true,"Sure! I would set the rate to 8.2.","'S' is an invalid start of a value. Path: $ | LineNumber: 0 | BytePositionInLine: 0."
"demo","D12",false,STATE_CHANGED_BEFORE_EXECUTION,STATE_CHANGED_BEFORE_EXECUTION,true,"RECHECK { ""kind"": ""SetSetpoint"", ""tag"": ""RateSetpoint"", ""value"": 8.5 }","STEP_TOO_LARGE: step 2.5 > max step 1"
"high_limit","H01",true,ACCEPTED,ACCEPTED,true,"{ ""kind"": ""SetSetpoint"", ""tag"": ""PressureSetpoint"", ""value"": 9000 }","within envelope"
"high_limit","H02",false,ABOVE_HIGH_LIMIT,ABOVE_HIGH_LIMIT,true,"{ ""kind"": ""SetSetpoint"", ""tag"": ""PressureSetpoint"", ""value"": 9000.01 }","9000.01 > high limit 9000"
"low_limit","L01",true,ACCEPTED,ACCEPTED,true,"{ ""kind"": ""SetSetpoint"", ""tag"": ""PressureSetpoint"", ""value"": 0 }","within envelope"
"low_limit","L02",false,BELOW_LOW_LIMIT,BELOW_LOW_LIMIT,true,"{ ""kind"": ""SetSetpoint"", ""tag"": ""PressureSetpoint"", ""value"": -0.01 }","-0.01 < low limit 0"
"step_size","S01",true,ACCEPTED,ACCEPTED,true,"{ ""kind"": ""SetSetpoint"", ""tag"": ""PressureSetpoint"", ""value"": 5500 }","within envelope"
"step_size","S02",false,STEP_TOO_LARGE,STEP_TOO_LARGE,true,"{ ""kind"": ""SetSetpoint"", ""tag"": ""PressureSetpoint"", ""value"": 5500.01 }","step 500.0100000000002 > max step 500"
"step_size","S03",true,ACCEPTED,ACCEPTED,true,"{ ""kind"": ""SetSetpoint"", ""tag"": ""PressureSetpoint"", ""value"": 4500 }","within envelope"
"step_size","S04",false,STEP_TOO_LARGE,STEP_TOO_LARGE,true,"{ ""kind"": ""SetSetpoint"", ""tag"": ""PressureSetpoint"", ""value"": 4499.99 }","step 500.0100000000002 > max step 500"
"rate_limit","R01",true,ACCEPTED,ACCEPTED,true,"{ ""kind"": ""SetSetpoint"", ""tag"": ""RateSetpoint"", ""value"": 8.1 }","within envelope"
"rate_limit","R02",true,ACCEPTED,ACCEPTED,true,"{ ""kind"": ""SetSetpoint"", ""tag"": ""RateSetpoint"", ""value"": 8.1 }","within envelope"
"rate_limit","R03",true,ACCEPTED,ACCEPTED,true,"{ ""kind"": ""SetSetpoint"", ""tag"": ""RateSetpoint"", ""value"": 8.1 }","within envelope"
"rate_limit","R04",false,RATE_LIMIT,RATE_LIMIT,true,"{ ""kind"": ""SetSetpoint"", ""tag"": ""RateSetpoint"", ""value"": 8.1 }","3 actions already accepted in window"
"rate_limit","R05",false,RATE_LIMIT,RATE_LIMIT,true,"{ ""kind"": ""SetSetpoint"", ""tag"": ""RateSetpoint"", ""value"": 8.1 }","3 actions already accepted in window"
"rate_limit","R06",true,ACCEPTED,ACCEPTED,true,"{ ""kind"": ""SetSetpoint"", ""tag"": ""RateSetpoint"", ""value"": 8.1 }","within envelope"
"rate_window_edge","E01",true,ACCEPTED,ACCEPTED,true,"{ ""kind"": ""SetSetpoint"", ""tag"": ""RateSetpoint"", ""value"": 8.1 }","within envelope"
"rate_window_edge","E02",false,RATE_LIMIT,RATE_LIMIT,true,"{ ""kind"": ""SetSetpoint"", ""tag"": ""RateSetpoint"", ""value"": 8.1 }","1 actions already accepted in window"
"rate_window_edge","E03",true,ACCEPTED,ACCEPTED,true,"{ ""kind"": ""SetSetpoint"", ""tag"": ""RateSetpoint"", ""value"": 8.1 }","within envelope"
"cumulative","C01",true,ACCEPTED,ACCEPTED,true,"{ ""kind"": ""SetSetpoint"", ""tag"": ""RateSetpoint"", ""value"": 8.75 }","within envelope"
"cumulative","C02",true,ACCEPTED,ACCEPTED,true,"{ ""kind"": ""SetSetpoint"", ""tag"": ""RateSetpoint"", ""value"": 8.75 }","within envelope"
"cumulative","C03",false,CUMULATIVE_LIMIT,CUMULATIVE_LIMIT,true,"{ ""kind"": ""SetSetpoint"", ""tag"": ""RateSetpoint"", ""value"": 8.75 }","cumulative change 2.25 on 'RateSetpoint' exceeds bound"
"modes_stopped","M01",true,ACCEPTED,ACCEPTED,true,"{ ""kind"": ""ChangeMode"", ""tag"": ""UnitMode"", ""mode"": ""Idle"" }","within envelope"
"modes_stopped","M02",true,ACCEPTED,ACCEPTED,true,"{ ""kind"": ""ChangeMode"", ""tag"": ""UnitMode"", ""mode"": ""Standby"" }","within envelope"
"modes_stopped","M03",false,MODE_NOT_ALLOWED,MODE_NOT_ALLOWED,true,"{ ""kind"": ""ChangeMode"", ""tag"": ""UnitMode"", ""mode"": ""Run"" }","mode 'Run' is not allowed"
"modes_stopped","M04",false,MODE_NOT_ALLOWED,MODE_NOT_ALLOWED,true,"{ ""kind"": ""ChangeMode"", ""tag"": ""UnitMode"" }","mode '' is not allowed"
"modes_stopped","M05",false,MODE_NOT_ALLOWED,MODE_NOT_ALLOWED,true,"{ ""kind"": ""ChangeMode"", ""tag"": ""UnitMode"", ""mode"": ""idle"" }","mode 'idle' is not allowed"
"modes_stopped","M06",false,TAG_NOT_WRITABLE,TAG_NOT_WRITABLE,true,"{ ""kind"": ""ChangeMode"", ""tag"": ""OtherMode"", ""mode"": ""Idle"" }","'OtherMode' is not a writable mode tag"
"modes_running","N01",false,MODE_CHANGE_WHILE_RUNNING,MODE_CHANGE_WHILE_RUNNING,true,"{ ""kind"": ""ChangeMode"", ""tag"": ""UnitMode"", ""mode"": ""Idle"" }","unit is running"
"modes_running","N02",false,MODE_NOT_ALLOWED,MODE_NOT_ALLOWED,true,"{ ""kind"": ""ChangeMode"", ""tag"": ""UnitMode"", ""mode"": ""Run"" }","mode 'Run' is not allowed"
"values_and_tags","V01",false,VALUE_MISSING,VALUE_MISSING,true,"{ ""kind"": ""SetSetpoint"", ""tag"": ""PressureSetpoint"" }","setpoint value missing or not finite"
"values_and_tags","V02",false,VALUE_MISSING,VALUE_MISSING,true,"{ ""kind"": ""SetSetpoint"", ""tag"": ""PressureSetpoint"", ""value"": null }","setpoint value missing or not finite"
"values_and_tags","V03",false,TAG_NOT_WRITABLE,TAG_NOT_WRITABLE,true,"{ ""kind"": ""SetSetpoint"", ""tag"": ""pressuresetpoint"", ""value"": 5100 }","'pressuresetpoint' is not a writable setpoint"
"values_and_tags","V04",false,STATE_UNAVAILABLE,STATE_UNAVAILABLE,true,"{ ""kind"": ""SetSetpoint"", ""tag"": ""NoStateTag"", ""value"": 3 }","cannot read current value of 'NoStateTag'"
"trip_inhibit","T01",false,TRIP_INHIBIT_FORBIDDEN,TRIP_INHIBIT_FORBIDDEN,true,"{ ""kind"": ""InhibitTrip"", ""tag"": ""HighPressureTrip"" }","the gate never inhibits a trip"
"trip_inhibit","T02",false,TRIP_INHIBIT_FORBIDDEN,TRIP_INHIBIT_FORBIDDEN,true,"{ ""kind"": ""InhibitTrip"", ""tag"": ""PressureSetpoint"", ""value"": 1 }","the gate never inhibits a trip"
"trip_inhibit","T03",false,TRIP_INHIBIT_FORBIDDEN,TRIP_INHIBIT_FORBIDDEN,true,"{ ""kind"": ""InhibitTrip"", ""tag"": ""UnitMode"", ""mode"": ""Idle"", ""rationale"": ""operator confirmed it is safe"" }","the gate never inhibits a trip"
"schema","X01",false,SCHEMA_INVALID,SCHEMA_INVALID,true,"","The input does not contain any JSON tokens. Expected the input to start with a valid JSON token, when isFinalBlock is true. Path: $ | LineNumber: 0 | BytePositionInLine: 0."
"schema","X02",false,SCHEMA_INVALID,SCHEMA_INVALID,true,"null","empty proposal or tag"
"schema","X03",false,SCHEMA_INVALID,SCHEMA_INVALID,true,"[]","The JSON value could not be converted to EdgeGate.ActionProposal. Path: $ | LineNumber: 0 | BytePositionInLine: 1."
"schema","X04",false,SCHEMA_INVALID,SCHEMA_INVALID,true,"{ ""kind"": ""SetSetpoint"", ""tag"": ""RateSetpoint"", ""value"": 8.2","'2' is an invalid end of a number. Expected a delimiter. Path: $.value | LineNumber: 0 | BytePositionInLine: 60."
"schema","X05",false,SCHEMA_INVALID,SCHEMA_INVALID,true,"{ ""kind"": 0, ""tag"": ""RateSetpoint"", ""value"": 8.2 }","The JSON value could not be converted to EdgeGate.ActionKind. Path: $.kind | LineNumber: 0 | BytePositionInLine: 11."
"schema","X06",false,SCHEMA_INVALID,SCHEMA_INVALID,true,"{ ""tag"": ""RateSetpoint"", ""value"": 8.2 }","JSON deserialization for type 'EdgeGate.ActionProposal' was missing required properties, including the following: Kind"
"schema","X07",false,SCHEMA_INVALID,SCHEMA_INVALID,true,"{ ""kind"": ""SetSetpoint"", ""tag"": """", ""value"": 8.2 }","empty proposal or tag"
"schema","X08",false,SCHEMA_INVALID,SCHEMA_INVALID,true,"{ ""kind"": ""SetSetpoint"", ""tag"": ""RateSetpoint"", ""value"": ""high"" }","The JSON value could not be converted to System.Nullable`1[System.Double]. Path: $.value | LineNumber: 0 | BytePositionInLine: 63."
"schema","X09",false,SCHEMA_INVALID,SCHEMA_INVALID,true,"```json\n{ ""kind"": ""SetSetpoint"", ""tag"": ""RateSetpoint"", ""value"": 8.2 }\n```","'`' is an invalid start of a value. Path: $ | LineNumber: 0 | BytePositionInLine: 0."
"schema","X10",true,ACCEPTED,ACCEPTED,true,"{ ""KIND"": ""SetSetpoint"", ""Tag"": ""RateSetpoint"", ""Value"": 8.2 }","within envelope"
