id,category,question,reference_answer,source_pages,exclusion_pages,required_elements,verified_by,verified_on
sc-01,self_contained,What pH range does the boiler water have to be kept in?,Between 8.5 and 10.5. The make-up water has its own range of 7.5 to 8.8.,22,,8.5|10.5,,
sc-02,self_contained,What is the highest glycol concentration allowed for freeze protection?,"50 percent by volume, using an inhibited propylene glycol made for hydronic systems.",22,,50~fifty,,
sc-03,self_contained,"With the gas shutoff valve closed, how long should the system water circulate during the fill and purge?","About 30 minutes, so that the air moves to the automatic air separation point.",60,,30 minutes~30 min~half an hour,,
sc-04,self_contained,How must the safety relief valve be mounted?,"On top of the boiler supply (outlet) piping, upright and vertical, with no valve that could isolate it from the pressure vessel.",16,,upright~vertical|supply~outlet|isolat~no valve,,
sc-05,self_contained,I smell gas before start-up. What do I do?,"Do not light any appliance, do not touch an electrical switch or use a phone in the building, and call the gas supplier from a neighbour's phone. If the supplier cannot be reached, call the fire department.",60,,not light~do not light|neighbo~neighbor|gas supplier,,
sc-06,self_contained,How is the pressure relief valve tested during annual maintenance?,Lift the lever for 5 seconds and let the valve snap shut. A valve that leaks is replaced.,81,,lever|5 seconds~five seconds,,
sc-07,self_contained,"Which brush may be used to clean the heat exchanger furnace, and which brush must not be used?",A non-aggressive stainless steel brush. A carbon steel brush must not be used.,83,,stainless|carbon steel,,
sc-08,self_contained,Can a burner gasket be used again after the burner has been removed?,No. The gasket is for one use only and is replaced with a new one.,80;82,,not be reused~not reuse~one-time~single use~replace~new gasket,,
cd-01,condition_dependent,The boiler was test fired on natural gas. Can I run it on propane for a few days to get heat?,"No. A natural gas boiler must never be run on propane, even for temporary heat. An authorized service technician has to convert it first.",61;66;68,,never~not|convert|authorized~authorised,,
cd-02,condition_dependent,My inlet gas pressure is between 7 and 14 inches W.C. How much can the pressure drop between low fire and high fire?,"No more than 1 inch W.C. (below 7 inches the limit is 0.5 inch, above 14 inches it is 15 percent), or the local code maximum if that is lower.",24,,"1 inch~1 in~1""~one inch",,
cd-03,condition_dependent,The system runs on a water and glycol mix. What fill pressure is needed at the boiler outlet?,"At least 30 psi, for systems with up to 50 percent glycol.",22;61,,30 psi~30psi,,
cd-04,condition_dependent,We use RO/DI water as make-up water. What must be done before it enters the boiler?,It must be neutralized to a pH of 8.5 to 10.5. Without that the pressure vessel warranty is void and corrosion rates can be high.,22,,neutrali|8.5,,
cd-05,condition_dependent,"After setting combustion, how many consecutive cycles verify that ignition is reliable?",A minimum of 10 consecutive cycles.,65,,10~ten,,
cd-06,condition_dependent,At high fire the inlet gas pressure falls by more than 15 percent from the idle reading. What does that point to and what has to be done?,Usually undersized field gas piping or an undersized line pressure regulator. The installing contractor must fix it and the boiler is commissioned again.,65;110,,undersized|recommission~commission again~commissioned again~re-commission,,
cd-07,condition_dependent,The furnace shows flaking scale and thinning metal. May I use the heat exchanger cleaning procedure?,"No. The procedure must not be used with active pitting, flaking, cracks, thinning or deformation. Contact the local Fulton representative.",83,,not~no|representative,,
cd-08,condition_dependent,The flame rod is warped and the porcelain is cracked. What should I do?,Replace the flame rod immediately.,84,,replace,,
ap-01,applicability,My EXE-500 boiler has the old front door that is not hinged. Does this manual cover it?,No. For capacities 399 to 750 MBTU/hr the manual applies only to the new style (MKII) with the hinged front cabinet door.,6,6,MKII~hinged|not~only,,
ap-02,applicability,Can I use the natural gas combustion parameters in Table 8 for an old-style EXE-650 without the hinged front door?,No. For capacities 399 to 750 MBTU/hr the table applies only to the new style (MKII) with the hinged front cabinet door.,67;68,68,MKII~hinged|not~only,,
ap-03,applicability,My boiler has direct spark ignition. Do I follow the pilot ignition inspection steps during annual maintenance?,"No. The pilot inspection applies only to interrupted pilot ignition systems. A direct spark boiler follows the ignition electrode servicing steps, which apply to direct spark systems only.",85;86,86,interrupted pilot|not~only~no,,
ap-04,applicability,What torque do I use on the ignition electrode screws of an EXE-5000?,"None is given. The ignition electrode screw entry is N/A for the EXE-4000 to 6000. These models use pilot assembly screws, torqued to 60 in-lb (6.8 N-m).",87,87,N/A~not applicable~none|60 in-lb~60 in.-lb~6.8,,
ap-05,applicability,Can an EXE-3000 rated for 240 V be installed on a 208 V supply?,"Yes. EXE-2500 and EXE-3000 can run on 208 V with two legs, a neutral and a ground. The commissioning technician may adjust the blower RPM to keep within the nameplate full load amps.",14;46,46,yes~can|blower|neutral~ground,,
ap-06,applicability,How much side clearance does an EXE-6000 need?,"None on one side and 24 inches on the other. Models EXE-4000 to 6000 need side clearance for service access on one side only, and the authority having jurisdiction may require more.",14,14,24,,
ap-07,applicability,"An EXE-4000 is set up for 208/3/60 service. What is the lowest supply voltage at its terminals, and can it be used on a high-leg delta supply?","207 V at the terminals. It is not designed for high-leg delta service, so a transformer is needed to convert to standard delta or wye.",46,46,207|not~no|transformer,,
ap-08,applicability,Does an EXE-4000 need FM Global approved components?,"Yes. FM Global requires approved components when applicable and available for boilers above 2,500,000 BTU/hr and up to 12,500,000 BTU/hr. An EXE-4000 is rated at 4,000 MBH.",6;14,6,yes~require|approved,,
un-01,unanswerable,How much does an EXE-1000 weigh when it is full of water?,The manual does not give a weight for the boiler.,,,ABSTAIN,,
un-02,unanswerable,What is the sound level of the boiler at full fire?,The manual does not give a sound level.,,,ABSTAIN,,
un-03,unanswerable,How many years is the warranty on the heat exchanger?,The manual does not state a warranty period for the heat exchanger.,,,ABSTAIN,,
un-04,unanswerable,What is the password for the Commissioning screen on the PURE Control?,The manual does not give it. It is provided to authorized technicians who completed service training.,,,ABSTAIN,,
un-05,unanswerable,What are the O2 percentage ranges for propane at each combustion point?,The manual does not give propane values. It tells the reader to contact the local Fulton representative for propane combustion parameters.,,,ABSTAIN,,
un-06,unanswerable,What is the thermal efficiency in percent of an EXE-1500 at full fire?,The manual does not give an efficiency percentage. Table 1 gives output in MBH only.,,,ABSTAIN,,
un-07,unanswerable,How many gallons of water does the pressure vessel of an EXE-2000 hold?,The manual does not give the water volume of the vessel.,,,ABSTAIN,,
un-08,unanswerable,How often does the PURE Control touchscreen have to be recalibrated?,The manual does not give a recalibration interval.,,,ABSTAIN,,
tl-01,table_lookup,What natural gas supply pressure does an EXE-4000 require?,4 to 28 inches W.C.,14,,4 to 28~4-28~4 - 28,,
tl-02,table_lookup,What is the minimum input at low fire of an EXE-1500?,100 MBH.,14,,100,,
tl-03,table_lookup,What is the minimum water flow at high fire for an EXE-2500?,100 GPM.,14,,100,,
tl-04,table_lookup,What diameter is the flue gas vent connection on an EXE-750?,6 inches.,14,,"6 in~6""~six",,
tl-05,table_lookup,What O2 percentage range applies at P0 for an EXE-1000 on natural gas?,4.1 to 5.5 percent.,67,,4.1|5.5,,
tl-06,table_lookup,What torque applies to the burner flange hardware on an EXE-2000?,10 ft-lb (13.6 N-m).,87,,10 ft,,
tl-07,table_lookup,What is the minimum front clearance for an EXE-2000?,32 inches.,14,,32,,
tl-08,table_lookup,What is the MV downstream pressure range at P1 for an EXE-4000?,1.40 to 1.60 inches W.C.,68,,1.40~1.4|1.60~1.6,,
