cell,question_id,category,answer_id,correct,complete,respects_applicability,abstained
A-llama3,sc-01,self_contained,AP9CHG,partial,no,,no
A-llama3,sc-02,self_contained,AK78SV,partial,no,,no
A-llama3,sc-03,self_contained,AL9B33,yes,yes,,no
A-llama3,sc-04,self_contained,ADAA6B,partial,no,,no
A-llama3,sc-05,self_contained,AFKM5D,partial,no,,no
A-llama3,sc-06,self_contained,A4BXEM,partial,no,,no
A-llama3,sc-07,self_contained,AZRZPA,no,no,,no
A-llama3,sc-08,self_contained,AEBQFR,yes,yes,,no
A-llama3,cd-01,condition_dependent,AQVQ3X,partial,no,,no
A-llama3,cd-02,condition_dependent,AQ8ARZ,partial,no,,no
A-llama3,cd-03,condition_dependent,ARYEW8,partial,no,,no
A-llama3,cd-04,condition_dependent,A5B6ZD,partial,no,,no
A-llama3,cd-05,condition_dependent,AJG9UX,partial,no,,no
A-llama3,cd-06,condition_dependent,AER3LG,partial,no,,no
A-llama3,cd-07,condition_dependent,AYJ9RD,partial,yes,,no
A-llama3,cd-08,condition_dependent,APLX6K,partial,yes,,no
A-llama3,ap-01,applicability,ATQK63,yes,no,yes,no
A-llama3,ap-02,applicability,AXHBY4,yes,yes,yes,no
A-llama3,ap-03,applicability,A93UCT,yes,no,yes,no
A-llama3,ap-04,applicability,ALFTS8,yes,yes,yes,no
A-llama3,ap-05,applicability,AHQPRF,yes,yes,yes,no
A-llama3,ap-06,applicability,AN9CLP,partial,no,no,yes
A-llama3,ap-07,applicability,APTRJD,yes,yes,yes,no
A-llama3,ap-08,applicability,AYAHL3,yes,yes,yes,no
A-llama3,un-01,unanswerable,A5SPH9,yes,yes,,yes
A-llama3,un-02,unanswerable,ADSZAZ,yes,yes,,yes
A-llama3,un-03,unanswerable,A8DFGB,no,no,,no
A-llama3,un-04,unanswerable,ACA84N,partial,yes,,yes
A-llama3,un-05,unanswerable,AV5TEW,yes,yes,,yes
A-llama3,un-06,unanswerable,ALGQM8,no,yes,,yes
A-llama3,un-07,unanswerable,A7CZBH,no,no,,no
A-llama3,un-08,unanswerable,AJVX3E,no,yes,,yes
A-llama3,tl-01,table_lookup,ARKWQ3,no,no,,yes
A-llama3,tl-02,table_lookup,ARWDV5,yes,yes,,no
A-llama3,tl-03,table_lookup,ACRY5C,yes,yes,,no
A-llama3,tl-04,table_lookup,APCEHA,no,no,,yes
A-llama3,tl-05,table_lookup,ABCHSR,yes,yes,,no
A-llama3,tl-06,table_lookup,AHWT5P,yes,yes,,no
A-llama3,tl-07,table_lookup,AXL4KP,no,no,,yes
A-llama3,tl-08,table_lookup,AZZEA3,yes,yes,,no
A-mistral,sc-01,self_contained,AW5KP2,partial,no,,no
A-mistral,sc-02,self_contained,AJCCLY,partial,no,,no
A-mistral,sc-03,self_contained,A9ZGXR,partial,no,,no
A-mistral,sc-04,self_contained,AEWTAY,partial,no,,no
A-mistral,sc-05,self_contained,ABNVGG,partial,no,,no
A-mistral,sc-06,self_contained,AZ3UTB,partial,no,,no
A-mistral,sc-07,self_contained,AP2JKH,no,no,,yes
A-mistral,sc-08,self_contained,A6E8HX,partial,yes,,no
A-mistral,cd-01,condition_dependent,APN8G2,partial,no,,no
A-mistral,cd-02,condition_dependent,A98J3M,partial,no,,no
A-mistral,cd-03,condition_dependent,AZFQGC,partial,no,,no
A-mistral,cd-04,condition_dependent,AFXJ7Y,partial,no,,no
A-mistral,cd-05,condition_dependent,AUPZT4,partial,no,,no
A-mistral,cd-06,condition_dependent,A3BKJC,partial,no,,no
A-mistral,cd-07,condition_dependent,ABZ5AM,partial,yes,,no
A-mistral,cd-08,condition_dependent,ALCJM5,partial,yes,,no
A-mistral,ap-01,applicability,A42Y2B,yes,no,yes,no
A-mistral,ap-02,applicability,AYH5BB,partial,no,no,yes
A-mistral,ap-03,applicability,AM36GT,partial,yes,yes,no
A-mistral,ap-04,applicability,A2TCRY,yes,yes,yes,no
A-mistral,ap-05,applicability,ABHPCN,partial,yes,no,no
A-mistral,ap-06,applicability,AZ5S38,no,no,no,yes
A-mistral,ap-07,applicability,A48Q66,partial,yes,no,no
A-mistral,ap-08,applicability,A9YVC6,partial,yes,yes,no
A-mistral,un-01,unanswerable,A77BM8,yes,yes,,yes
A-mistral,un-02,unanswerable,ASDSGU,no,yes,,yes
A-mistral,un-03,unanswerable,AJX8BX,partial,no,,no
A-mistral,un-04,unanswerable,AP648Z,yes,yes,,yes
A-mistral,un-05,unanswerable,AHBFPT,yes,yes,,yes
A-mistral,un-06,unanswerable,A2AVW3,yes,yes,,yes
A-mistral,un-07,unanswerable,AF26RQ,no,no,,no
A-mistral,un-08,unanswerable,AXRTZV,no,yes,,yes
A-mistral,tl-01,table_lookup,A57NR5,no,no,,yes
A-mistral,tl-02,table_lookup,A5PMLU,yes,yes,,no
A-mistral,tl-03,table_lookup,AFKQ2N,yes,yes,,no
A-mistral,tl-04,table_lookup,A4Z8D3,no,no,,yes
A-mistral,tl-05,table_lookup,A8J96D,yes,yes,,no
A-mistral,tl-06,table_lookup,ACLGWS,partial,yes,,no
A-mistral,tl-07,table_lookup,AKY9P6,no,no,,yes
A-mistral,tl-08,table_lookup,AJTWYW,yes,yes,,no
A-tinyllama,sc-01,self_contained,A93ABD,partial,no,,no
A-tinyllama,sc-02,self_contained,A8WUUG,no,no,,no
A-tinyllama,sc-03,self_contained,AD5XAF,partial,no,,no
A-tinyllama,sc-04,self_contained,ADKUEC,partial,no,,no
A-tinyllama,sc-05,self_contained,AJA3Z4,partial,no,,no
A-tinyllama,sc-06,self_contained,AN67A8,partial,no,,no
A-tinyllama,sc-07,self_contained,A33K6S,no,no,,no
A-tinyllama,sc-08,self_contained,AGXKTM,no,no,,no
A-tinyllama,cd-01,condition_dependent,AGPQJV,partial,no,,no
A-tinyllama,cd-02,condition_dependent,ACZUJ5,partial,no,,no
A-tinyllama,cd-03,condition_dependent,A5T274,partial,no,,no
A-tinyllama,cd-04,condition_dependent,AP38UH,partial,no,,no
A-tinyllama,cd-05,condition_dependent,AXR288,partial,no,,no
A-tinyllama,cd-06,condition_dependent,AAPYPG,partial,no,,no
A-tinyllama,cd-07,condition_dependent,AMVY3R,no,no,,no
A-tinyllama,cd-08,condition_dependent,AFNQUW,partial,yes,,no
A-tinyllama,ap-01,applicability,AMZ2SE,no,no,no,no
A-tinyllama,ap-02,applicability,A27ED6,no,no,no,no
A-tinyllama,ap-03,applicability,A9P34D,no,no,no,no
A-tinyllama,ap-04,applicability,AAA52C,no,no,no,no
A-tinyllama,ap-05,applicability,AEGDT4,partial,no,no,no
A-tinyllama,ap-06,applicability,AJWQZY,no,no,no,no
A-tinyllama,ap-07,applicability,AJJ6EK,partial,no,no,no
A-tinyllama,ap-08,applicability,A69AGS,no,no,no,no
A-tinyllama,un-01,unanswerable,AVG28U,yes,yes,,yes
A-tinyllama,un-02,unanswerable,AMESVT,no,no,,no
A-tinyllama,un-03,unanswerable,A68W3F,partial,no,,no
A-tinyllama,un-04,unanswerable,AEL7PQ,no,no,,no
A-tinyllama,un-05,unanswerable,AWWXWT,no,no,,no
A-tinyllama,un-06,unanswerable,A23PFQ,no,no,,no
A-tinyllama,un-07,unanswerable,AKUGTL,no,no,,no
A-tinyllama,un-08,unanswerable,AHPBUV,no,no,,no
A-tinyllama,tl-01,table_lookup,A4GSM7,no,no,,no
A-tinyllama,tl-02,table_lookup,AHRZSA,partial,yes,,no
A-tinyllama,tl-03,table_lookup,AMPGWV,yes,yes,,no
A-tinyllama,tl-04,table_lookup,AQ455B,no,no,,no
A-tinyllama,tl-05,table_lookup,ATADEN,partial,no,,no
A-tinyllama,tl-06,table_lookup,ACCGAP,partial,yes,,no
A-tinyllama,tl-07,table_lookup,AN5JWZ,no,no,,no
A-tinyllama,tl-08,table_lookup,AW25XX,partial,yes,,no
B-llama3,sc-01,self_contained,ANCPQT,no,no,,no
B-llama3,sc-02,self_contained,AHRFS7,no,no,,no
B-llama3,sc-03,self_contained,AVZFVQ,partial,no,,no
B-llama3,sc-04,self_contained,A8FXX3,no,no,,no
B-llama3,sc-05,self_contained,APXTCA,partial,no,,no
B-llama3,sc-06,self_contained,AJKFVV,no,no,,no
B-llama3,sc-07,self_contained,ARWW5N,no,no,,yes
B-llama3,sc-08,self_contained,A84HGX,yes,no,,no
B-llama3,cd-01,condition_dependent,AEDWYD,no,no,,no
B-llama3,cd-02,condition_dependent,AGWKUZ,no,no,,no
B-llama3,cd-03,condition_dependent,AQUJN7,no,no,,no
B-llama3,cd-04,condition_dependent,ARDQUC,no,no,,yes
B-llama3,cd-05,condition_dependent,A224K9,no,no,,no
B-llama3,cd-06,condition_dependent,AWSPV2,no,no,,no
B-llama3,cd-07,condition_dependent,AC6QP4,no,no,,yes
B-llama3,cd-08,condition_dependent,AYN7GP,yes,yes,,no
B-llama3,ap-01,applicability,A3B2FM,no,no,no,yes
B-llama3,ap-02,applicability,A2HR4U,no,no,no,yes
B-llama3,ap-03,applicability,AMKARK,yes,yes,yes,no
B-llama3,ap-04,applicability,AJH9F6,no,no,no,yes
B-llama3,ap-05,applicability,AKYMHP,partial,no,no,yes
B-llama3,ap-06,applicability,A9KV4J,no,no,no,yes
B-llama3,ap-07,applicability,ATPTR3,partial,no,no,yes
B-llama3,ap-08,applicability,A5ZDMY,no,no,no,yes
B-llama3,un-01,unanswerable,AQ87J3,yes,yes,,yes
B-llama3,un-02,unanswerable,AXEMWT,yes,yes,,yes
B-llama3,un-03,unanswerable,AUFUAB,yes,yes,,yes
B-llama3,un-04,unanswerable,AHWTWU,yes,yes,,yes
B-llama3,un-05,unanswerable,A9F3VF,yes,yes,,yes
B-llama3,un-06,unanswerable,A7UEPD,yes,yes,,yes
B-llama3,un-07,unanswerable,AZXMVJ,yes,yes,,yes
B-llama3,un-08,unanswerable,AU3ELR,yes,yes,,yes
B-llama3,tl-01,table_lookup,AVPTR2,partial,yes,,yes
B-llama3,tl-02,table_lookup,AVDXRH,yes,yes,,no
B-llama3,tl-03,table_lookup,AWNA5Y,yes,yes,,no
B-llama3,tl-04,table_lookup,AKTNYK,no,no,,yes
B-llama3,tl-05,table_lookup,AAH8ZJ,no,no,,yes
B-llama3,tl-06,table_lookup,AYXD46,no,no,,no
B-llama3,tl-07,table_lookup,AUDRHL,no,no,,yes
B-llama3,tl-08,table_lookup,A3EHJD,partial,no,,no
B-mistral,sc-01,self_contained,A3YCBY,partial,no,,no
B-mistral,sc-02,self_contained,AXYGZG,partial,no,,no
B-mistral,sc-03,self_contained,AHCV2S,partial,no,,no
B-mistral,sc-04,self_contained,A6R83W,partial,no,,no
B-mistral,sc-05,self_contained,A5MSVD,no,no,,no
B-mistral,sc-06,self_contained,AHGA2N,no,no,,no
B-mistral,sc-07,self_contained,AD7KMW,yes,yes,,no
B-mistral,sc-08,self_contained,AC79DK,yes,yes,,no
B-mistral,cd-01,condition_dependent,AW7W92,no,no,,no
B-mistral,cd-02,condition_dependent,AVX6L7,partial,no,,no
B-mistral,cd-03,condition_dependent,AKYGU5,partial,no,,no
B-mistral,cd-04,condition_dependent,AQKK94,partial,no,,no
B-mistral,cd-05,condition_dependent,AK9JCL,no,no,,no
B-mistral,cd-06,condition_dependent,AA4L88,no,no,,no
B-mistral,cd-07,condition_dependent,APX3KX,yes,yes,,no
B-mistral,cd-08,condition_dependent,A8L44N,partial,yes,,no
B-mistral,ap-01,applicability,A3UMVY,no,no,no,yes
B-mistral,ap-02,applicability,ANF6E7,no,no,no,no
B-mistral,ap-03,applicability,AUN765,yes,no,yes,no
B-mistral,ap-04,applicability,AYAE5D,yes,yes,yes,no
B-mistral,ap-05,applicability,ANCUG8,no,no,no,no
B-mistral,ap-06,applicability,AABBD2,yes,no,yes,no
B-mistral,ap-07,applicability,AVCZE8,yes,yes,yes,no
B-mistral,ap-08,applicability,ASVTY2,yes,yes,yes,no
B-mistral,un-01,unanswerable,A5WBBV,yes,yes,,yes
B-mistral,un-02,unanswerable,AVM2JU,yes,yes,,yes
B-mistral,un-03,unanswerable,A4PDRY,partial,no,,no
B-mistral,un-04,unanswerable,ACS22H,yes,yes,,yes
B-mistral,un-05,unanswerable,A9LYBM,yes,yes,,yes
B-mistral,un-06,unanswerable,AJES9Z,yes,yes,,yes
B-mistral,un-07,unanswerable,AWDNJZ,yes,yes,,yes
B-mistral,un-08,unanswerable,ABE9PQ,yes,yes,,yes
B-mistral,tl-01,table_lookup,AVSZL7,yes,yes,,no
B-mistral,tl-02,table_lookup,ADBYAA,yes,yes,,no
B-mistral,tl-03,table_lookup,ADQTS2,yes,yes,,no
B-mistral,tl-04,table_lookup,ASRFXJ,no,no,,yes
B-mistral,tl-05,table_lookup,ARBGRK,partial,no,,no
B-mistral,tl-06,table_lookup,AUE3TN,no,no,,yes
B-mistral,tl-07,table_lookup,AVAM92,no,no,,yes
B-mistral,tl-08,table_lookup,AKBTML,yes,yes,,no
B-tinyllama,sc-01,self_contained,ASNKDZ,no,no,,no
B-tinyllama,sc-02,self_contained,AZKW7Y,no,no,,no
B-tinyllama,sc-03,self_contained,A23VFJ,partial,no,,no
B-tinyllama,sc-04,self_contained,ALKHQ8,no,no,,no
B-tinyllama,sc-05,self_contained,AQZ8LH,no,no,,no
B-tinyllama,sc-06,self_contained,AJ5WX7,no,no,,yes
B-tinyllama,sc-07,self_contained,AV9YW3,no,no,,no
B-tinyllama,sc-08,self_contained,AL27YY,no,no,,no
B-tinyllama,cd-01,condition_dependent,AW7W92,no,no,,no
B-tinyllama,cd-02,condition_dependent,AMXYZN,no,no,,no
B-tinyllama,cd-03,condition_dependent,AV6H4C,no,no,,no
B-tinyllama,cd-04,condition_dependent,A4U5T9,no,no,,no
B-tinyllama,cd-05,condition_dependent,AK9JCL,no,no,,no
B-tinyllama,cd-06,condition_dependent,AA4L88,no,no,,no
B-tinyllama,cd-07,condition_dependent,A8Y593,partial,no,,no
B-tinyllama,cd-08,condition_dependent,AZTNGF,no,no,,no
B-tinyllama,ap-01,applicability,A9G6T8,no,no,no,no
B-tinyllama,ap-02,applicability,ANLMHG,partial,yes,no,no
B-tinyllama,ap-03,applicability,ACLPLB,partial,yes,no,no
B-tinyllama,ap-04,applicability,AX6XSY,partial,yes,yes,no
B-tinyllama,ap-05,applicability,AP24KL,no,no,no,no
B-tinyllama,ap-06,applicability,AQRBJW,no,no,no,no
B-tinyllama,ap-07,applicability,A77TXH,no,no,no,no
B-tinyllama,ap-08,applicability,A4VVHH,no,no,no,no
B-tinyllama,un-01,unanswerable,AWDMYG,no,no,,no
B-tinyllama,un-02,unanswerable,A83KWN,no,no,,no
B-tinyllama,un-03,unanswerable,A89MEY,partial,no,,no
B-tinyllama,un-04,unanswerable,A2AVND,partial,yes,,yes
B-tinyllama,un-05,unanswerable,A44ND7,no,no,,no
B-tinyllama,un-06,unanswerable,A9LHZC,no,no,,no
B-tinyllama,un-07,unanswerable,AQ2UCB,no,no,,no
B-tinyllama,un-08,unanswerable,A3JT2M,yes,yes,,yes
B-tinyllama,tl-01,table_lookup,AKF5Y2,no,no,,no
B-tinyllama,tl-02,table_lookup,A23L9W,no,no,,yes
B-tinyllama,tl-03,table_lookup,AFJD8F,no,no,,no
B-tinyllama,tl-04,table_lookup,AJB5AU,no,no,,no
B-tinyllama,tl-05,table_lookup,AJRUWC,no,no,,yes
B-tinyllama,tl-06,table_lookup,A3LL72,no,no,,no
B-tinyllama,tl-07,table_lookup,A9KUCE,no,no,,no
B-tinyllama,tl-08,table_lookup,AUYMQM,no,no,,yes
