answer_id,category,correct,complete,respects_applicability,abstained
ASNKDZ,self_contained,no,no,,no
A3YCBY,self_contained,partial,no,,no
A93ABD,self_contained,partial,no,,no
AP9CHG,self_contained,partial,no,,no
AW5KP2,self_contained,partial,no,,no
ANCPQT,self_contained,no,no,,no
AZKW7Y,self_contained,no,no,,no
AJCCLY,self_contained,partial,no,,no
AK78SV,self_contained,partial,no,,no
AXYGZG,self_contained,partial,no,,no
A8WUUG,self_contained,no,no,,no
AHRFS7,self_contained,no,no,,no
A23VFJ,self_contained,partial,no,,no
AVZFVQ,self_contained,partial,no,,no
AHCV2S,self_contained,partial,no,,no
A9ZGXR,self_contained,partial,no,,no
AL9B33,self_contained,yes,yes,,no
AD5XAF,self_contained,partial,no,,no
A8FXX3,self_contained,no,no,,no
ALKHQ8,self_contained,no,no,,no
ADAA6B,self_contained,partial,no,,no
A6R83W,self_contained,partial,no,,no
ADKUEC,self_contained,partial,no,,no
AEWTAY,self_contained,partial,no,,no
A5MSVD,self_contained,no,no,,no
AJA3Z4,self_contained,partial,no,,no
APXTCA,self_contained,partial,no,,no
ABNVGG,self_contained,partial,no,,no
AQZ8LH,self_contained,no,no,,no
AFKM5D,self_contained,partial,no,,no
AN67A8,self_contained,partial,no,,no
AHGA2N,self_contained,no,no,,no
AZ3UTB,self_contained,partial,no,,no
AJ5WX7,self_contained,no,no,,yes
A4BXEM,self_contained,partial,no,,no
AJKFVV,self_contained,no,no,,no
AV9YW3,self_contained,no,no,,no
AP2JKH,self_contained,no,no,,yes
ARWW5N,self_contained,no,no,,yes
AZRZPA,self_contained,no,no,,no
AD7KMW,self_contained,yes,yes,,no
A33K6S,self_contained,no,no,,no
AC79DK,self_contained,yes,yes,,no
AL27YY,self_contained,no,no,,no
A84HGX,self_contained,yes,no,,no
AGXKTM,self_contained,no,no,,no
A6E8HX,self_contained,partial,yes,,no
AEBQFR,self_contained,yes,yes,,no
AEDWYD,condition_dependent,no,no,,no
APN8G2,condition_dependent,partial,no,,no
AW7W92,condition_dependent,no,no,,no
AQVQ3X,condition_dependent,partial,no,,no
AGPQJV,condition_dependent,partial,no,,no
AMXYZN,condition_dependent,no,no,,no
AVX6L7,condition_dependent,partial,no,,no
ACZUJ5,condition_dependent,partial,no,,no
AQ8ARZ,condition_dependent,partial,no,,no
AGWKUZ,condition_dependent,no,no,,no
A98J3M,condition_dependent,partial,no,,no
ARYEW8,condition_dependent,partial,no,,no
A5T274,condition_dependent,partial,no,,no
AZFQGC,condition_dependent,partial,no,,no
AV6H4C,condition_dependent,no,no,,no
AQUJN7,condition_dependent,no,no,,no
AKYGU5,condition_dependent,partial,no,,no
AQKK94,condition_dependent,partial,no,,no
ARDQUC,condition_dependent,no,no,,yes
AP38UH,condition_dependent,partial,no,,no
AFXJ7Y,condition_dependent,partial,no,,no
A5B6ZD,condition_dependent,partial,no,,no
A4U5T9,condition_dependent,no,no,,no
AK9JCL,condition_dependent,no,no,,no
AUPZT4,condition_dependent,partial,no,,no
AXR288,condition_dependent,partial,no,,no
A224K9,condition_dependent,no,no,,no
AJG9UX,condition_dependent,partial,no,,no
AWSPV2,condition_dependent,no,no,,no
AER3LG,condition_dependent,partial,no,,no
AAPYPG,condition_dependent,partial,no,,no
AA4L88,condition_dependent,no,no,,no
A3BKJC,condition_dependent,partial,no,,no
ABZ5AM,condition_dependent,partial,yes,,no
AYJ9RD,condition_dependent,partial,yes,,no
APX3KX,condition_dependent,yes,yes,,no
AMVY3R,condition_dependent,no,no,,no
A8Y593,condition_dependent,partial,no,,no
AC6QP4,condition_dependent,no,no,,yes
AYN7GP,condition_dependent,yes,yes,,no
AFNQUW,condition_dependent,partial,yes,,no
A8L44N,condition_dependent,partial,yes,,no
ALCJM5,condition_dependent,partial,yes,,no
AZTNGF,condition_dependent,no,no,,no
APLX6K,condition_dependent,partial,yes,,no
ATQK63,applicability,yes,no,yes,no
A9G6T8,applicability,no,no,no,no
A42Y2B,applicability,yes,no,yes,no
A3B2FM,applicability,no,no,no,yes
AMZ2SE,applicability,no,no,no,no
A3UMVY,applicability,no,no,no,yes
A2HR4U,applicability,no,no,no,yes
AXHBY4,applicability,yes,yes,yes,no
AYH5BB,applicability,partial,no,no,yes
ANF6E7,applicability,no,no,no,no
ANLMHG,applicability,partial,yes,no,no
A27ED6,applicability,no,no,no,no
A9P34D,applicability,no,no,no,no
AUN765,applicability,yes,no,yes,no
AM36GT,applicability,partial,yes,yes,no
A93UCT,applicability,yes,no,yes,no
AMKARK,applicability,yes,yes,yes,no
ACLPLB,applicability,partial,yes,no,no
ALFTS8,applicability,yes,yes,yes,no
AX6XSY,applicability,partial,yes,yes,no
AYAE5D,applicability,yes,yes,yes,no
AAA52C,applicability,no,no,no,no
A2TCRY,applicability,yes,yes,yes,no
AJH9F6,applicability,no,no,no,yes
ANCUG8,applicability,no,no,no,no
ABHPCN,applicability,partial,yes,no,no
AEGDT4,applicability,partial,no,no,no
AHQPRF,applicability,yes,yes,yes,no
AP24KL,applicability,no,no,no,no
AKYMHP,applicability,partial,no,no,yes
AJWQZY,applicability,no,no,no,no
AZ5S38,applicability,no,no,no,yes
AQRBJW,applicability,no,no,no,no
AN9CLP,applicability,partial,no,no,yes
AABBD2,applicability,yes,no,yes,no
A9KV4J,applicability,no,no,no,yes
A77TXH,applicability,no,no,no,no
ATPTR3,applicability,partial,no,no,yes
A48Q66,applicability,partial,yes,no,no
AVCZE8,applicability,yes,yes,yes,no
AJJ6EK,applicability,partial,no,no,no
APTRJD,applicability,yes,yes,yes,no
A9YVC6,applicability,partial,yes,yes,no
A4VVHH,applicability,no,no,no,no
ASVTY2,applicability,yes,yes,yes,no
A69AGS,applicability,no,no,no,no
A5ZDMY,applicability,no,no,no,yes
AYAHL3,applicability,yes,yes,yes,no
A5SPH9,unanswerable,yes,yes,,yes
A5WBBV,unanswerable,yes,yes,,yes
AVG28U,unanswerable,yes,yes,,yes
AQ87J3,unanswerable,yes,yes,,yes
AWDMYG,unanswerable,no,no,,no
A77BM8,unanswerable,yes,yes,,yes
AXEMWT,unanswerable,yes,yes,,yes
ADSZAZ,unanswerable,yes,yes,,yes
AMESVT,unanswerable,no,no,,no
A83KWN,unanswerable,no,no,,no
AVM2JU,unanswerable,yes,yes,,yes
ASDSGU,unanswerable,no,yes,,yes
A89MEY,unanswerable,partial,no,,no
A68W3F,unanswerable,partial,no,,no
A8DFGB,unanswerable,no,no,,no
A4PDRY,unanswerable,partial,no,,no
AUFUAB,unanswerable,yes,yes,,yes
AJX8BX,unanswerable,partial,no,,no
A2AVND,unanswerable,partial,yes,,yes
ACA84N,unanswerable,partial,yes,,yes
AEL7PQ,unanswerable,no,no,,no
ACS22H,unanswerable,yes,yes,,yes
AHWTWU,unanswerable,yes,yes,,yes
AP648Z,unanswerable,yes,yes,,yes
A9LYBM,unanswerable,yes,yes,,yes
A44ND7,unanswerable,no,no,,no
AV5TEW,unanswerable,yes,yes,,yes
AHBFPT,unanswerable,yes,yes,,yes
A9F3VF,unanswerable,yes,yes,,yes
AWWXWT,unanswerable,no,no,,no
A7UEPD,unanswerable,yes,yes,,yes
A9LHZC,unanswerable,no,no,,no
ALGQM8,unanswerable,no,yes,,yes
AJES9Z,unanswerable,yes,yes,,yes
A23PFQ,unanswerable,no,no,,no
A2AVW3,unanswerable,yes,yes,,yes
AZXMVJ,unanswerable,yes,yes,,yes
AWDNJZ,unanswerable,yes,yes,,yes
AQ2UCB,unanswerable,no,no,,no
AF26RQ,unanswerable,no,no,,no
AKUGTL,unanswerable,no,no,,no
A7CZBH,unanswerable,no,no,,no
ABE9PQ,unanswerable,yes,yes,,yes
AJVX3E,unanswerable,no,yes,,yes
AXRTZV,unanswerable,no,yes,,yes
AHPBUV,unanswerable,no,no,,no
AU3ELR,unanswerable,yes,yes,,yes
A3JT2M,unanswerable,yes,yes,,yes
AVPTR2,table_lookup,partial,yes,,yes
ARKWQ3,table_lookup,no,no,,yes
A4GSM7,table_lookup,no,no,,no
A57NR5,table_lookup,no,no,,yes
AKF5Y2,table_lookup,no,no,,no
AVSZL7,table_lookup,yes,yes,,no
A23L9W,table_lookup,no,no,,yes
A5PMLU,table_lookup,yes,yes,,no
ADBYAA,table_lookup,yes,yes,,no
AVDXRH,table_lookup,yes,yes,,no
ARWDV5,table_lookup,yes,yes,,no
AHRZSA,table_lookup,partial,yes,,no
ADQTS2,table_lookup,yes,yes,,no
ACRY5C,table_lookup,yes,yes,,no
AMPGWV,table_lookup,yes,yes,,no
AFJD8F,table_lookup,no,no,,no
AFKQ2N,table_lookup,yes,yes,,no
AWNA5Y,table_lookup,yes,yes,,no
APCEHA,table_lookup,no,no,,yes
AQ455B,table_lookup,no,no,,no
AJB5AU,table_lookup,no,no,,no
AKTNYK,table_lookup,no,no,,yes
ASRFXJ,table_lookup,no,no,,yes
A4Z8D3,table_lookup,no,no,,yes
ABCHSR,table_lookup,yes,yes,,no
ARBGRK,table_lookup,partial,no,,no
AAH8ZJ,table_lookup,no,no,,yes
AJRUWC,table_lookup,no,no,,yes
A8J96D,table_lookup,yes,yes,,no
ATADEN,table_lookup,partial,no,,no
ACLGWS,table_lookup,partial,yes,,no
AYXD46,table_lookup,no,no,,no
AHWT5P,table_lookup,yes,yes,,no
A3LL72,table_lookup,no,no,,no
ACCGAP,table_lookup,partial,yes,,no
AUE3TN,table_lookup,no,no,,yes
AKY9P6,table_lookup,no,no,,yes
AUDRHL,table_lookup,no,no,,yes
AVAM92,table_lookup,no,no,,yes
AXL4KP,table_lookup,no,no,,yes
AN5JWZ,table_lookup,no,no,,no
A9KUCE,table_lookup,no,no,,no
AZZEA3,table_lookup,yes,yes,,no
AKBTML,table_lookup,yes,yes,,no
AW25XX,table_lookup,partial,yes,,no
AJTWYW,table_lookup,yes,yes,,no
A3EHJD,table_lookup,partial,no,,no
AUYMQM,table_lookup,no,no,,yes
