question_id,category,A-llama3,A-mistral,A-tinyllama,B-llama3,B-mistral,B-tinyllama
sc-01,self_contained,partial,partial,partial,no,partial,no
sc-02,self_contained,partial,partial,no,no,partial,no
sc-03,self_contained,yes,partial,partial,partial,partial,partial
sc-04,self_contained,partial,partial,partial,no,partial,no
sc-05,self_contained,partial,partial,partial,partial,no,no
sc-06,self_contained,partial,partial,partial,no,no,no
sc-07,self_contained,no,no,no,no,yes,no
sc-08,self_contained,yes,partial,no,yes,yes,no
cd-01,condition_dependent,partial,partial,partial,no,no,no
cd-02,condition_dependent,partial,partial,partial,no,partial,no
cd-03,condition_dependent,partial,partial,partial,no,partial,no
cd-04,condition_dependent,partial,partial,partial,no,partial,no
cd-05,condition_dependent,partial,partial,partial,no,no,no
cd-06,condition_dependent,partial,partial,partial,no,no,no
cd-07,condition_dependent,partial,partial,no,no,yes,partial
cd-08,condition_dependent,partial,partial,partial,yes,partial,no
ap-01,applicability,yes,yes,no,no,no,no
ap-02,applicability,yes,partial,no,no,no,partial
ap-03,applicability,yes,partial,no,yes,yes,partial
ap-04,applicability,yes,yes,no,no,yes,partial
ap-05,applicability,yes,partial,partial,partial,no,no
ap-06,applicability,partial,no,no,no,yes,no
ap-07,applicability,yes,partial,partial,partial,yes,no
ap-08,applicability,yes,partial,no,no,yes,no
un-01,unanswerable,yes,yes,yes,yes,yes,no
un-02,unanswerable,yes,no,no,yes,yes,no
un-03,unanswerable,no,partial,partial,yes,partial,partial
un-04,unanswerable,partial,yes,no,yes,yes,partial
un-05,unanswerable,yes,yes,no,yes,yes,no
un-06,unanswerable,no,yes,no,yes,yes,no
un-07,unanswerable,no,no,no,yes,yes,no
un-08,unanswerable,no,no,no,yes,yes,yes
tl-01,table_lookup,no,no,no,partial,yes,no
tl-02,table_lookup,yes,yes,partial,yes,yes,no
tl-03,table_lookup,yes,yes,yes,yes,yes,no
tl-04,table_lookup,no,no,no,no,no,no
tl-05,table_lookup,yes,yes,partial,no,partial,no
tl-06,table_lookup,yes,partial,partial,no,no,no
tl-07,table_lookup,no,no,no,no,no,no
tl-08,table_lookup,yes,yes,partial,partial,yes,no
