model,endpoint,words,http_status,prompt_eval_count,error
all-minilm:latest,/api/embeddings,50,200,,
all-minilm:latest,/api/embed,50,200,100,
all-minilm:latest,/api/embeddings,100,200,,
all-minilm:latest,/api/embed,100,200,230,
all-minilm:latest,/api/embeddings,150,200,,
all-minilm:latest,/api/embed,150,200,256,
all-minilm:latest,/api/embeddings,200,200,,
all-minilm:latest,/api/embed,200,200,256,
all-minilm:latest,/api/embeddings,250,200,,
all-minilm:latest,/api/embed,250,200,256,
all-minilm:latest,/api/embeddings,300,200,,
all-minilm:latest,/api/embed,300,200,256,
all-minilm:latest,/api/embeddings,400,200,,
all-minilm:latest,/api/embed,400,200,256,
all-minilm:latest,/api/embeddings,500,200,,
all-minilm:latest,/api/embed,500,200,256,
all-minilm:latest,/api/embeddings,600,200,,
all-minilm:latest,/api/embed,600,200,256,
all-minilm:latest,/api/embeddings,1000,200,,
all-minilm:latest,/api/embed,1000,200,256,
all-minilm:latest,/api/embeddings,2000,200,,
all-minilm:latest,/api/embed,2000,200,256,
mxbai-embed-large:latest,/api/embeddings,50,200,,
mxbai-embed-large:latest,/api/embed,50,200,100,
mxbai-embed-large:latest,/api/embeddings,100,200,,
mxbai-embed-large:latest,/api/embed,100,200,230,
mxbai-embed-large:latest,/api/embeddings,150,200,,
mxbai-embed-large:latest,/api/embed,150,200,379,
mxbai-embed-large:latest,/api/embeddings,200,200,,
mxbai-embed-large:latest,/api/embed,200,200,512,
mxbai-embed-large:latest,/api/embeddings,250,200,,
mxbai-embed-large:latest,/api/embed,250,200,512,
mxbai-embed-large:latest,/api/embeddings,300,200,,
mxbai-embed-large:latest,/api/embed,300,200,512,
mxbai-embed-large:latest,/api/embeddings,400,200,,
mxbai-embed-large:latest,/api/embed,400,200,512,
mxbai-embed-large:latest,/api/embeddings,500,200,,
mxbai-embed-large:latest,/api/embed,500,200,512,
mxbai-embed-large:latest,/api/embeddings,600,200,,
mxbai-embed-large:latest,/api/embed,600,200,512,
mxbai-embed-large:latest,/api/embeddings,1000,200,,
mxbai-embed-large:latest,/api/embed,1000,200,512,
mxbai-embed-large:latest,/api/embeddings,2000,200,,
mxbai-embed-large:latest,/api/embed,2000,200,512,
