cell,rep,question_id,category,correct,complete,respects_applicability,abstained,elements_found,forbidden_found,elements_in_order
A-llama3,1,ur-01,table_lookup,no,no,,no,0 of 2,,yes
A-llama3,1,ur-02,self_contained,no,no,,no,0 of 3,,yes
A-llama3,1,ur-03,table_lookup,no,no,,yes,0 of 1,,yes
A-llama3,1,ur-04,condition_dependent,partial,no,,no,6 of 16,,no
A-llama3,1,ur-05,condition_dependent,no,no,,no,0 of 4,,yes
A-llama3,2,ur-01,table_lookup,no,no,,no,0 of 2,,yes
A-llama3,2,ur-02,self_contained,no,no,,no,0 of 3,,yes
A-llama3,2,ur-03,table_lookup,no,no,,yes,0 of 1,,yes
A-llama3,2,ur-04,condition_dependent,partial,no,,no,6 of 16,,no
A-llama3,2,ur-05,condition_dependent,no,no,,no,0 of 4,,yes
A-llama3,3,ur-01,table_lookup,no,no,,no,0 of 2,,yes
A-llama3,3,ur-02,self_contained,no,no,,no,0 of 3,,yes
A-llama3,3,ur-03,table_lookup,no,no,,yes,0 of 1,,yes
A-llama3,3,ur-04,condition_dependent,partial,no,,no,6 of 16,,no
A-llama3,3,ur-05,condition_dependent,no,no,,yes,0 of 4,,yes
A-mistral,1,ur-01,table_lookup,no,no,,yes,0 of 2,,yes
A-mistral,1,ur-02,self_contained,no,no,,no,0 of 3,,yes
A-mistral,1,ur-03,table_lookup,no,no,,no,0 of 1,,yes
A-mistral,1,ur-04,condition_dependent,partial,no,,no,6 of 16,,no
A-mistral,1,ur-05,condition_dependent,no,no,,no,0 of 4,,yes
A-mistral,2,ur-01,table_lookup,no,no,,yes,0 of 2,,yes
A-mistral,2,ur-02,self_contained,no,no,,no,0 of 3,,yes
A-mistral,2,ur-03,table_lookup,no,no,,no,0 of 1,,yes
A-mistral,2,ur-04,condition_dependent,partial,no,,no,6 of 16,,no
A-mistral,2,ur-05,condition_dependent,no,no,,no,0 of 4,,yes
A-mistral,3,ur-01,table_lookup,no,no,,yes,0 of 2,,yes
A-mistral,3,ur-02,self_contained,no,no,,no,0 of 3,,yes
A-mistral,3,ur-03,table_lookup,no,no,,no,0 of 1,,yes
A-mistral,3,ur-04,condition_dependent,partial,no,,no,6 of 16,,no
A-mistral,3,ur-05,condition_dependent,no,no,,no,0 of 4,,yes
A-tinyllama,1,ur-01,table_lookup,no,no,,no,0 of 2,,yes
A-tinyllama,1,ur-02,self_contained,no,no,,no,0 of 3,,yes
A-tinyllama,1,ur-03,table_lookup,no,no,,no,0 of 1,,yes
A-tinyllama,1,ur-04,condition_dependent,partial,no,,no,1 of 16,,yes
A-tinyllama,1,ur-05,condition_dependent,no,no,,no,0 of 4,,yes
A-tinyllama,2,ur-01,table_lookup,no,no,,no,0 of 2,,yes
A-tinyllama,2,ur-02,self_contained,no,no,,no,0 of 3,,yes
A-tinyllama,2,ur-03,table_lookup,no,no,,no,0 of 1,,yes
A-tinyllama,2,ur-04,condition_dependent,partial,no,,no,1 of 16,,yes
A-tinyllama,2,ur-05,condition_dependent,no,no,,no,0 of 4,,yes
A-tinyllama,3,ur-01,table_lookup,no,no,,no,0 of 2,,yes
A-tinyllama,3,ur-02,self_contained,no,no,,no,0 of 3,,yes
A-tinyllama,3,ur-03,table_lookup,no,no,,no,0 of 1,,yes
A-tinyllama,3,ur-04,condition_dependent,partial,no,,no,1 of 16,,yes
A-tinyllama,3,ur-05,condition_dependent,no,no,,no,0 of 4,,yes
B-llama3,1,ur-01,table_lookup,no,no,,no,0 of 2,,yes
B-llama3,1,ur-02,self_contained,no,no,,yes,0 of 3,,yes
B-llama3,1,ur-03,table_lookup,no,no,,yes,0 of 1,,yes
B-llama3,1,ur-04,condition_dependent,no,no,,yes,0 of 16,,yes
B-llama3,1,ur-05,condition_dependent,no,no,,yes,0 of 4,,yes
B-llama3,2,ur-01,table_lookup,no,no,,no,0 of 2,,yes
B-llama3,2,ur-02,self_contained,no,no,,yes,0 of 3,,yes
B-llama3,2,ur-03,table_lookup,no,no,,yes,0 of 1,,yes
B-llama3,2,ur-04,condition_dependent,no,no,,yes,0 of 16,,yes
B-llama3,2,ur-05,condition_dependent,no,no,,yes,0 of 4,,yes
B-llama3,3,ur-01,table_lookup,no,no,,no,0 of 2,,yes
B-llama3,3,ur-02,self_contained,no,no,,yes,0 of 3,,yes
B-llama3,3,ur-03,table_lookup,no,no,,yes,0 of 1,,yes
B-llama3,3,ur-04,condition_dependent,no,no,,yes,0 of 16,,yes
B-llama3,3,ur-05,condition_dependent,no,no,,yes,0 of 4,,yes
B-mistral,1,ur-01,table_lookup,no,no,,yes,0 of 2,,yes
B-mistral,1,ur-02,self_contained,no,no,,yes,0 of 3,,yes
B-mistral,1,ur-03,table_lookup,no,no,,no,0 of 1,,yes
B-mistral,1,ur-04,condition_dependent,partial,no,,no,1 of 16,,yes
B-mistral,1,ur-05,condition_dependent,no,no,,no,0 of 4,,yes
B-mistral,2,ur-01,table_lookup,no,no,,yes,0 of 2,,yes
B-mistral,2,ur-02,self_contained,no,no,,yes,0 of 3,,yes
B-mistral,2,ur-03,table_lookup,no,no,,yes,0 of 1,,yes
B-mistral,2,ur-04,condition_dependent,partial,no,,no,1 of 16,,yes
B-mistral,2,ur-05,condition_dependent,no,no,,no,0 of 4,,yes
B-mistral,3,ur-01,table_lookup,no,no,,yes,0 of 2,,yes
B-mistral,3,ur-02,self_contained,no,no,,yes,0 of 3,,yes
B-mistral,3,ur-03,table_lookup,no,no,,no,0 of 1,,yes
B-mistral,3,ur-04,condition_dependent,partial,no,,no,1 of 16,,yes
B-mistral,3,ur-05,condition_dependent,no,no,,no,0 of 4,,yes
B-tinyllama,1,ur-01,table_lookup,no,no,,no,0 of 2,,yes
B-tinyllama,1,ur-02,self_contained,no,no,,no,0 of 3,,yes
B-tinyllama,1,ur-03,table_lookup,no,no,,yes,0 of 1,,yes
B-tinyllama,1,ur-04,condition_dependent,no,no,,no,0 of 16,,yes
B-tinyllama,1,ur-05,condition_dependent,no,no,,no,0 of 4,,yes
B-tinyllama,2,ur-01,table_lookup,no,no,,no,0 of 2,,yes
B-tinyllama,2,ur-02,self_contained,no,no,,no,0 of 3,,yes
B-tinyllama,2,ur-03,table_lookup,no,no,,yes,0 of 1,,yes
B-tinyllama,2,ur-04,condition_dependent,no,no,,no,0 of 16,,yes
B-tinyllama,2,ur-05,condition_dependent,no,no,,no,0 of 4,,yes
B-tinyllama,3,ur-01,table_lookup,no,no,,no,0 of 2,,yes
B-tinyllama,3,ur-02,self_contained,no,no,,no,0 of 3,,yes
B-tinyllama,3,ur-03,table_lookup,no,no,,yes,0 of 1,,yes
B-tinyllama,3,ur-04,condition_dependent,no,no,,no,0 of 16,,yes
B-tinyllama,3,ur-05,condition_dependent,no,no,,no,0 of 4,,yes
